attendanceRate,gpa,failedCourses,disciplinaryIncidents,consecutiveAbsences,tardyCount,riskScore,riskLabel
0.6247240713084175,1.9628323220965491,3,0,11,16,74.88271392669782,High
0.9704285838459497,2.8547523684458955,2,3,1,3,37.63533296170306,Low
0.839196365086843,3.6823645896910207,3,4,3,7,48.60849949961607,Medium
0.759195090518222,3.3305622160239032,5,4,5,4,66.8265742190321,Medium
0.4936111842654619,3.5164028696536245,1,4,0,15,53.59152393284528,Medium
0.49359671220172163,3.146958416776793,5,1,9,3,72.78654734416321,High
0.4348501673009197,3.2306914112946314,1,0,3,14,46.799079195016894,Medium
0.9197056874649611,3.6229891289132983,0,3,5,11,31.981881212268576,Low
0.7606690070459252,2.1241700221479647,4,1,8,4,66.33153949668335,Medium
0.8248435466776274,2.723562409107851,5,2,13,15,79.7706340418164,High
0.41235069657748147,2.0530236045490056,3,3,10,13,91.47573609141068,High
0.9819459112971965,3.9691700199916173,0,3,10,9,32.530463348195966,Low
0.899465584480253,3.860148349216533,4,3,12,6,58.41989312862455,Medium
0.5274034664069657,1.5985670284212647,3,4,1,12,81.41819105950873,High
0.5090949803242604,3.263937931289221,2,3,10,19,73.49682147413738,High
0.5100427059120604,3.8131207935391647,3,0,6,4,47.467083828125936,Medium
0.5825453457757226,1.9514383628183338,1,3,5,2,62.68380254078776,Medium
0.7148538589793427,2.9198630763815734,1,4,1,14,51.70721487701056,Medium
0.6591670111852694,3.7887207439701047,2,3,7,3,49.74611211288818,Medium
0.5747374841188252,1.584864946464497,0,2,6,14,65.16185117060202,Medium
0.7671117368334277,3.2435506681171,4,2,10,13,66.38002384549189,Medium
0.4836963163912251,2.243372518431377,3,4,4,19,84.71842216003722,High
0.5752867891211308,3.810990488441326,1,0,11,18,49.37862355074151,Medium
0.619817105976215,3.9276456129134196,0,0,4,12,27.930859631817206,Low
0.6736419905302216,3.8606662227835846,2,1,6,9,41.94765815095529,Medium
0.8711055768358081,2.6855355416436595,5,4,8,4,73.30042151013109,High
0.5198042692950159,3.6551066274732835,1,3,10,19,64.15676295346653,Medium
0.708540663048167,3.611373496337676,2,4,14,19,72.04463851469656,High
0.7554487413172255,2.297751183108139,3,1,8,5,60.304538516229584,Medium
0.42787024763199866,3.5722886853766935,4,4,8,3,76.66230324095312,High
0.764526911140863,1.5925190867887316,1,4,5,1,62.49373268647816,Medium
0.502314474212375,2.9906746962051325,1,1,9,15,60.00067406945368,Medium
0.43903095579116774,2.075022093219258,3,0,5,17,72.68854083616071,High
0.9693313223519999,1.801417214443197,5,3,2,4,65.21257496148803,Medium
0.9793792198447356,1.6923830040730228,0,1,0,3,29.40100116548035,Low
0.8850384088698766,3.2407219396953493,4,2,6,12,55.191244248251444,Medium
0.5827682615040224,2.3496874094201656,1,0,3,18,51.692395445637445,Medium
0.45860326840383037,3.311916928821904,4,2,0,1,57.03669997562775,Medium
0.8105398159072941,1.663390851997356,1,0,14,12,62.94449884373468,Medium
0.6640914962437607,2.288225844576526,4,3,7,10,78.0540817044843,High
0.47322294090686734,2.848728230938343,2,3,11,3,72.58380005434188,High
0.6971061460667621,3.476807912097409,1,4,5,19,55.347675036355426,Medium
0.42063311266913106,2.296881257330175,4,2,5,19,85.20586291993301,High
0.9455922412472693,3.0647284410925226,0,0,1,14,20.029025939184002,Low
0.5552679889600102,3.7149443705904677,2,3,14,3,65.13983673569491,Medium
0.7975133706123891,3.039657970455761,2,1,0,8,35.702885470946825,Low
0.5870266456536466,2.0823986868840842,0,3,12,6,68.6949473050133,Medium
0.7120408127066865,1.561001953891345,4,1,13,18,88.40834795281908,High
0.7280261676059678,3.6752471847523247,3,0,13,18,57.62648144823804,Medium
0.5109126733153162,1.553173527125968,0,3,1,5,60.03175779612768,Medium
0.9817507766587351,3.6867541817104987,4,3,3,5,42.862427116545604,Medium
0.8650796940166687,2.8223428350680297,0,0,1,19,28.173383888652953,Low
0.9636993649385135,3.8476692462822406,0,3,0,14,21.975332939637056,Low
0.9368964102565893,3.4969580894341634,1,1,6,14,32.55456269539479,Low
0.7587399872866512,3.994835276333344,4,3,10,19,66.20204774520052,Medium
0.9531245410138701,2.3767795386292754,3,2,10,8,60.107222973152446,Medium
0.4530955012311517,3.4179707223278175,1,4,14,3,71.19647272747575,High
0.5175897174514872,2.504827284023105,0,1,11,17,63.24813846170946,Medium
0.4271363733463229,2.699689050759772,5,2,7,17,87.91765455854936,High
0.5951981984579586,3.068763658045925,0,0,5,4,35.00443548122241,Low
0.6332063738136893,3.684192785465847,0,1,3,19,35.82981719279396,Low
0.5628094190643376,3.9602086729982378,4,4,13,10,78.38553650744412,High
0.8972425054911576,3.4206835346612956,4,4,5,4,55.40346443374074,Medium
0.6140519960161536,2.5444169554183347,1,0,2,3,39.49375060517051,Low
0.5685607058124285,2.5533925056926754,3,0,11,11,68.7236467105761,Medium
0.7256176498949491,3.343955753972229,1,1,7,1,37.53573646447975,Low
0.4845545349848576,2.0969428644207557,2,3,9,12,81.14838995639813,High
0.8813181884524238,1.7761852828284868,0,0,13,9,50.98541963361818,Medium
0.44473038620786254,2.3865553941019413,5,3,12,8,97.34523061066608,High
0.9921321619603104,2.2180974791352046,0,2,12,9,48.633738730235535,Medium
0.8633468615779945,2.240770301139975,0,4,1,6,43.558422525480474,Medium
0.5192294089205034,2.0840193776247746,1,3,4,3,62.890629866932116,Medium
0.4033132702741615,1.6052329740909048,5,4,0,18,97.81513944812448,High
0.8892768570729005,1.5446848368335346,5,3,5,9,77.98207734874863,High
0.8241144063085704,3.9693059743400787,5,2,1,2,42.842364004256396,Medium
0.8374043008245924,2.569432834339656,1,0,3,18,39.30949962361974,Low
0.8627622080115674,2.460816617899204,0,2,5,1,36.881345500545265,Low
0.44442679104045424,3.199118206732675,1,0,9,19,58.23174629105508,Medium
0.6150794371265635,2.0456347196626603,4,0,10,9,74.44047531831086,High
0.4695214357150779,3.8749029598755635,4,4,7,1,69.47011297264126,Medium
0.9178620555253562,3.4658625360388804,1,2,11,1,38.62689241859695,Low
0.7739788760965347,1.7235275057806487,5,3,7,16,87.30556989833212,High
0.5985388149115896,2.543951939462321,0,2,10,15,61.11892800891321,Medium
0.4381350101716142,3.6977957689054115,1,4,5,15,61.496641904081315,Medium
0.5865893930293973,3.8618300557285257,1,0,3,13,33.91812372153885,Low
0.5951099932160482,2.6685037781246743,1,4,7,6,64.01056249011134,Medium
0.8377637070028385,3.0335284730267693,2,1,12,10,53.154166989618766,Medium
0.7825344828131279,1.9175848652301881,4,1,7,0,64.022772035173,Medium
0.932327645545796,3.9779215653424416,5,3,9,10,58.42767852474375,Medium
0.6833289550971695,2.0791792534586087,3,4,13,3,83.87504926152712,High
0.471756547562981,3.856829435337814,5,3,0,6,62.56144374410262,Medium
0.827946872333797,3.124116622480921,3,3,3,14,54.14095888183891,Medium
0.8564710291701385,3.019341987197148,2,1,3,17,42.54773896122298,Medium
0.7367663185416977,2.7817212775412714,1,3,6,11,54.21213448291938,Medium
0.8625803079727365,2.0766745292943964,2,1,13,16,66.23004238814657,Medium
0.6962773578186345,1.9413200800137707,2,0,13,0,62.23570488711691,Medium
0.7136396976291964,2.0512155226754385,0,4,10,10,66.94225686807776,Medium
0.6565246110151297,1.9660956553606364,4,3,6,0,75.07805900578845,High
0.4152514760464571,3.448961183916883,3,1,12,14,72.90032911897288,High
0.4647348561959827,2.3753131479168252,1,2,10,9,70.15747427299243,High
0.4188575114120406,1.644606691408491,3,3,14,6,97.79963262943346,High
0.7818462467582683,3.9227565753520284,5,0,7,1,45.49858437614898,Medium
0.588613588645796,3.7094647124085642,3,0,10,9,53.86080933008252,Medium
0.7051424146988217,3.8193807079880324,5,2,4,3,54.10049633216681,Medium
0.9445398843556558,3.9872695566160883,4,1,6,11,40.84570905961289,Medium
0.549575337489325,1.9347381230487182,5,3,7,18,95.16960526993982,High
0.6462297538213778,2.490605047256647,3,1,14,10,74.24475937457842,High
0.8533306831258292,3.395596189260228,3,0,8,7,42.41081078236455,Medium
0.5372788992949735,3.2400515451344805,5,1,2,17,66.60832857685625,Medium
0.44618794589727584,1.8847397658496376,2,0,2,10,61.30508450561259,Medium
0.5738508717482609,3.5395828124765445,4,1,3,10,55.15013700530412,Medium
0.49673277235240265,2.061101429591652,0,2,4,12,59.51967480998738,Medium
0.9578185914055438,2.0595440370565576,1,4,9,2,56.591815973212675,Medium
0.8848722277386502,2.8424360572335337,3,2,0,11,44.680750318118655,Medium
0.7800422539062541,2.982349837104258,1,2,14,2,53.97481147270725,Medium
0.9228763541126306,2.950215519594528,0,4,14,9,55.0827906395495,Medium
0.8822032461394687,1.7287170934943872,1,4,6,16,65.42469921947739,Medium
0.5119420353316215,3.693652156575951,0,3,8,1,47.08579702097563,Medium
0.9355353990939866,2.1640001064717653,5,3,7,16,76.43858297152289,High
0.7236053451493905,1.8237873032070104,2,2,14,15,79.31791316195428,High
0.8844640930984375,3.721870199672443,3,2,14,1,51.90273427933807,Medium
0.937654779954096,3.8891287455743835,0,0,4,19,19.102521346092328,Low
0.5908020849831184,3.6553190431636264,1,0,13,5,46.814726169039005,Medium
0.46603115471660606,3.523790186812195,3,3,13,9,77.12085194321381,High
0.536761097525165,3.1381049515975543,2,3,3,9,58.148506583017856,Medium
0.6562646731757538,2.8771434265228484,5,0,11,7,69.97797880774137,Medium
0.8908088595534959,1.7174668997785254,3,0,6,0,51.192976620074916,Medium
0.916438349953806,2.5211330326767465,0,1,4,12,34.131135675080294,Low
0.40417127831871447,2.431721292530785,2,1,6,8,66.51593594194357,Medium
0.7064483815465394,2.1493844594008156,1,0,11,9,56.248220144130265,Medium
0.6504466018892674,3.3085502842214622,2,1,0,14,41.89663308221468,Medium
0.5332646862824382,2.739689337696927,2,4,0,4,59.27251917173321,Medium
0.4719192204002097,1.7026155397691198,4,3,9,15,97.09707578630041,High
0.6025691028421768,2.0504580048745282,2,3,13,12,82.89265583756764,High
0.9657458223475115,3.20814690914899,2,0,12,19,46.788698014609636,Medium
0.5939217592124532,1.6903271487257505,3,2,2,17,73.83985814424437,High
0.7112743730460196,3.628017285121922,1,0,13,10,44.76885222694,Medium
0.8218113753371068,2.7378663175349356,3,1,10,8,57.74888181116637,Medium
0.6181777614275764,2.70146644331662,3,2,1,15,60.258225109730745,Medium
0.9830692496325764,2.9810194616487937,0,1,1,1,16.86703539820901,Low
0.9774683769652668,3.561702414812873,3,4,6,1,45.7842407732606,Medium
0.5510693774952184,2.3695230197554826,4,1,11,11,80.26199470263643,High
0.6983491035354312,3.195040381397659,4,4,9,7,73.11563204460616,High
0.5805269858900618,2.914329909989478,0,4,1,8,49.13562146450275,Medium
0.5709042966264806,2.167570675423553,5,1,10,11,84.98812138070525,High
0.4221321684127197,3.696574965887895,1,1,3,8,43.64896360461226,Medium
0.7657386003879381,3.49356505401732,1,4,1,9,41.434805444309276,Medium
0.701607413937317,3.1461295866460635,3,2,5,1,51.47440757604669,Medium
0.4308872507499936,3.6264543227356048,3,4,7,15,75.4999667426442,High
0.5671878785419668,3.668235502399506,5,3,9,19,80.63012983432627,High
0.9449595315799922,3.270907441787587,3,4,3,6,47.99254431892444,Medium
0.5437371344001835,3.59253332090918,1,2,14,1,56.82518141490086,Medium
0.48693692325473387,3.243678654173209,2,3,4,0,56.085736528078556,Medium
0.6936716561665378,3.200351929400751,4,0,3,18,53.74961445933098,Medium
0.9913902724663605,3.0465284455379606,2,0,2,3,24.379104645965974,Low
0.5452331629069003,3.381791598894103,2,2,4,1,48.87275749478296,Medium
0.8032813284435272,1.8965127632326841,1,4,13,13,75.90361922993208,High
0.8569717691972305,3.702176897997321,2,1,8,1,35.199360252137566,Low
0.5425825263954398,3.67960881936308,5,2,7,14,72.0006107505516,High
0.8369298091671158,1.5731182075863979,0,3,7,11,58.79162555745139,Medium
0.620669879631552,3.564541876411907,3,3,7,4,59.02778605061886,Medium
0.7793834983561476,1.8221746686836129,0,0,11,19,56.60291337891797,Medium
0.7801178264565368,2.337797135647855,4,3,7,6,70.91731558525998,High
0.7214648104448551,3.3587706407290194,3,2,6,9,54.0537011749156,Medium
0.454173862032645,1.9018997401207705,2,3,7,13,81.8140481174865,High
0.9011814973535428,3.5449175602976553,4,2,10,13,58.00356450288174,Medium
0.5924680389830415,3.580335444894355,3,1,13,4,60.997923991734794,Medium
0.5119111062399125,2.7686693344020905,5,0,7,17,75.8368624063826,High
0.4244650849328584,1.515964679292084,5,3,12,13,100.0,High
0.754535765912945,2.217595332937282,5,2,13,1,80.64261603410938,High
0.8065386171053694,3.0423172959393554,5,4,7,11,74.31528235639166,High
0.4099526973567137,3.9529654450685587,2,0,11,5,53.07223765504587,Medium
0.7072558349795686,3.079533817541671,0,1,9,3,39.914428425400544,Low
0.5358974651187628,2.1495089526603994,3,2,6,12,75.06901186864549,High
0.7871036742456698,3.0850142577490285,2,1,11,3,49.66571045268292,Medium
0.5046198574029949,2.8499634492896386,5,1,0,13,66.81557121098382,Medium
0.8145626428614796,3.4496134878778593,0,3,3,15,36.92135940676222,Low
0.6320412077803225,1.767451597067396,4,3,12,3,88.54383571811314,High
0.9620379932420408,3.40256975625507,4,2,12,0,53.492782707767674,Medium
0.482512566487596,2.8531664466902757,4,4,3,12,78.6678328735934,High
0.6046398106301552,3.9074800096474864,5,2,4,3,57.23960747831893,Medium
0.46808411274435346,2.3546804150967153,4,4,9,19,96.72983133925871,High
0.9548161709671377,3.0815547328348702,1,1,5,17,35.99180583296579,Low
0.9264036120285886,3.8300702637750437,3,0,3,5,26.64315288110602,Low
0.5547649766290934,1.7562743199766981,3,2,14,2,85.24665773506928,High
0.7959904276205074,3.843071218091128,5,2,1,12,50.22967071426842,Medium
0.8903333201207295,3.219714305752033,1,4,5,15,48.18952413765049,Medium
0.7331204869596775,1.6695926477629297,2,1,14,4,70.9792540439836,High
0.7177903470136039,2.2524089173670405,2,1,7,3,54.76429694578544,Medium
0.545111374540271,3.270430221613204,4,4,14,7,85.99124280225712,High
0.45586166068353956,1.6683765036719294,0,1,7,18,68.58176853593912,Medium
0.938329454771996,2.955426150440683,2,3,6,13,50.412560304713324,Medium
0.9402508342979983,2.364707642382392,0,0,5,6,29.24289020425615,Low
0.7798608743639608,3.0522887944186925,3,2,1,13,49.28267708125465,Medium
0.6034178746292205,1.6143550845312822,0,0,14,5,63.21973416951836,Medium
0.6095257447675966,3.6788420153809405,3,2,6,11,56.33055005548673,Medium
0.8355734073221437,3.933722422943492,1,3,10,15,46.73983947767933,Medium
0.9382661559715463,3.9221946382142288,1,1,11,16,36.74740737899586,Low
0.9322518545590703,3.374129579357312,5,4,13,12,75.46863002406407,High
0.8679253275145743,1.82521560032658,5,3,13,13,90.03083089615123,High
0.7852189876925726,3.3956579898225563,4,0,4,6,43.63466059407153,Medium
0.4504839789970293,1.5614672911470038,2,4,5,13,86.36596792864879,High
0.4969772284567683,1.5553088788224931,4,1,9,14,89.06782207350433,High
0.9391325131162476,2.309025547873853,3,3,7,11,62.34444399661157,Medium
0.7638574357957539,2.7216079760116645,4,4,13,16,85.7296228080532,High
0.4055182309699778,3.426018544519483,0,3,7,8,56.019085316006056,Medium
0.4608829257196193,3.2082384415162633,3,3,2,14,66.4822985560526,Medium
0.7981010614648335,2.6147567659418707,5,1,11,11,72.92838988198795,High
0.40303695030773123,2.1840666657041647,1,2,11,1,72.03785533064911,High
0.4964848308504992,3.992811250394278,5,4,13,4,82.71249426203725,High
0.7292402736199517,2.565453255589932,2,1,6,12,54.17585649930261,Medium
0.815137118615616,2.6284675608241885,3,3,0,19,57.60983964713348,Medium
0.7911767557015603,1.909059552979173,3,1,0,7,51.76233424214586,Medium
0.5345615856763359,3.4870238718748237,0,2,6,13,47.24729785419832,Medium
0.8273075328085215,3.2342055644537213,2,4,14,14,68.56564304312192,Medium
0.5423494524980801,2.051924031971901,1,2,14,10,76.78678158035778,High
0.5952398188955607,1.7059526140396066,3,0,9,0,67.6308811037815,Medium
0.8478948430708144,3.2012482551867825,3,4,8,2,58.0717237252996,Medium
0.7897797394283288,3.136278035702838,0,2,6,16,42.046030065838465,Medium
0.9095340462965068,2.1831488174955234,4,3,9,18,76.2871499731845,High
0.7945677353802061,3.877158905626026,1,4,4,13,42.9457015285315,Medium
0.7409851620012831,1.8776447294522507,5,4,7,7,86.58414622542617,High
0.4562048606968555,2.580837002606505,2,1,1,12,57.443435546060726,Medium
0.6206294818356601,3.859039800418997,3,3,8,19,65.08442272238362,Medium
0.5591214206090352,2.5493182923153057,3,0,5,2,55.64196025248553,Medium
0.5463937860274501,3.0963148691602136,5,2,12,4,80.18109986729985,High
0.9838063328514673,2.4939859949069856,1,1,8,8,40.70788673687145,Medium
0.6358586348000562,2.185538005871675,4,2,1,5,64.710274549281,Medium
0.935227933106268,3.9599441198995704,3,0,2,1,21.49144147675358,Low
0.7786831755983578,2.5233350157876075,1,0,11,12,51.119322818189616,Medium
0.876886782124989,3.735248009197836,5,4,7,4,61.07204862302208,Medium
0.7015822558631153,2.0748865147277153,0,0,0,7,34.687844618198234,Low
0.7461423307758155,2.032761760062708,4,2,14,0,78.8266891683403,High
0.6955106162913183,1.5778352072112785,2,3,9,19,81.40122327623448,High
0.5171457926788268,3.129167063439713,3,3,14,11,81.5224976584498,High
0.8334712691569033,2.421315859309403,1,4,14,10,69.44799064062984,Medium
0.5684634174645135,3.6608956245990925,0,2,14,6,52.652507055428536,Medium
0.41458957985887235,2.683024766728893,2,2,6,14,70.58616913835618,High
0.7872833775443007,3.9204835697868043,1,0,6,10,28.303829200359928,Low
0.5062664076442294,1.963813789257803,1,2,12,15,78.6112058016528,High
0.9642751506117486,3.671557919889027,2,1,0,2,19.713414776639784,Low
0.9723571462015524,3.4414921319793543,0,0,8,19,28.19079283214436,Low
0.9489186341322691,3.42730461161013,5,1,7,13,53.77020851860794,Medium
0.6220952201532667,3.611958070292219,0,4,3,2,40.49661049094714,Medium
0.40927396991732046,3.4025599773574973,4,3,9,0,75.10344142973221,High
0.9569911375526352,3.0655508040785384,3,4,10,14,64.06484645710921,Medium
0.6569104889903886,1.828112194205969,2,3,4,0,63.44245849832477,Medium
0.9799928914262017,1.5813154487281298,5,4,1,16,75.48712985567063,High
0.9781719862535517,3.802119619539217,2,2,12,1,39.35192435446576,Low
0.9118056732804161,3.041625786301845,2,1,8,19,48.6115152057649,Medium
0.5766693352417515,3.491343227440441,0,3,14,5,57.51979431592554,Medium
0.6310586371611552,2.7038058787813752,3,0,11,7,62.719595725740035,Medium
0.9106820029101141,1.7932704724059862,4,1,11,15,73.64001515953558,High
0.5901532030937666,1.812964480506376,1,0,5,18,59.76422707118557,Medium
0.5016956480116556,3.2139132180724284,1,1,2,0,39.79304189880949,Low
0.7340807574750101,2.5757647372486567,2,1,11,2,56.37912232851303,Medium
0.9616928644964686,2.001311816750842,3,4,6,2,62.51916725263283,Medium
0.8176178780049839,2.7289863668535923,5,3,8,4,71.00542121126472,High
0.7420367020536189,1.6605223426878353,0,3,2,11,54.213308490976885,Medium
0.45830589626246115,2.954928504785997,3,1,1,11,58.11847910164159,Medium
0.7690043360195018,2.1724835110877443,3,2,6,19,69.01499144834249,Medium
0.994032310062558,3.4938977515929706,0,2,6,12,28.299730081567976,Low
0.48405040914191444,2.2759048973089344,2,0,3,19,61.878934661234084,Medium
0.710997791418242,2.638050372704503,3,0,10,8,59.179584616225284,Medium
0.9264238431567733,1.5290513497702516,1,4,8,6,63.65253277602655,Medium
0.8444611706525227,1.6811172194863973,0,1,13,3,54.41038097903512,Medium
0.8182094445971608,2.481233891016712,5,0,7,18,66.95928330594644,Medium
0.8214904503922655,2.6998470867928086,4,0,12,18,67.1419111163813,Medium
0.6156946907318531,3.000051370298259,2,1,12,5,59.87169866774329,Medium
0.5761551065586961,2.229156446773258,0,4,0,12,56.66223126991957,Medium
0.8856166932871081,3.2374547153163564,4,0,0,10,37.20078511535211,Low
0.8860680368075085,3.6503059929730113,4,4,4,12,56.05421859796955,Medium
0.9202433911480622,3.4496274722333746,5,3,5,12,59.19398963174376,Medium
0.9479443315338828,1.5990470633708929,3,4,2,19,69.59175610493575,Medium
0.7068054393165627,2.7012673681445722,5,2,12,14,82.71510874589177,High
0.7009097768123198,1.7623254460454372,3,2,8,12,75.34035446705283,High
0.8789771073800651,2.105112539656319,3,4,11,10,76.28979030823422,High
0.7899783584666591,3.966656483167866,0,2,9,18,39.23430082965498,Low
0.821180126354622,1.8562388572537831,0,3,13,7,63.59040637327729,Medium
0.8774756016616606,2.74722038362839,2,1,14,19,61.92877209724968,Medium
0.9340032050905398,3.0453893357952975,3,2,5,7,46.18597843842544,Medium
0.6027970941109215,3.2561624263602598,4,2,3,9,60.32649197196054,Medium
0.6253497715839664,2.8991217087172854,1,4,11,15,70.99479204946849,High
0.45638916390452144,1.5244271185479592,2,3,6,18,86.50016225833954,High
0.7469680845977045,2.3161532706099797,0,1,7,10,46.45974390999202,Medium
0.42156536427804525,2.7942791084617786,5,4,8,12,94.1945943442604,High
0.6793588108794761,1.7196662478620834,2,4,12,8,83.62898508620012,High
0.725586780824546,2.376567328022952,2,3,10,19,73.71085548678863,High
0.5719247512769706,1.5830077719784164,2,1,5,18,71.79293222913701,High
0.7544999563414065,1.6964462428875517,2,3,14,15,83.35553931746821,High
0.4183001499634297,2.49230819050399,1,1,5,6,57.84491209642292,Medium
0.4224089132495287,1.8317893851076508,5,3,7,18,100.0,High
0.8935603363957949,2.918852120653895,5,4,11,11,78.06906533762925,High
0.6161143848467577,3.223662422843164,5,4,4,14,77.11880037769805,High
0.4762363075911309,3.501466747772707,3,0,13,13,66.93588021862769,Medium
0.7133459560328826,2.000375610612025,4,2,2,10,67.46240565256444,Medium
0.8619961318591665,1.9187064556476745,5,3,11,9,84.3330901691566,High
0.529492616498106,1.7614196008360006,2,0,2,10,59.206099331715755,Medium
0.7737342854914002,3.0910756238590915,2,2,12,5,56.639872341753076,Medium
0.4512084789962608,3.266189316217253,5,3,5,1,74.28976767797704,High
0.43100903270116464,1.578965362064105,5,1,1,10,82.46998507131237,High
0.7188127789408888,3.8405306156092247,2,2,5,18,47.342182686272196,Medium
0.7243810729660639,1.629928209128681,3,4,12,5,86.22547499007064,High
0.782457940898924,2.853240838252676,0,0,5,13,34.169273981516284,Low
0.835654800233597,3.272651298627291,0,2,7,19,41.84729500438321,Medium
0.9855112476775207,3.677422809365214,5,2,6,5,48.30532199924703,Medium
0.7097802089807173,3.2852173303310694,1,4,7,16,58.256618337460615,Medium
0.5937738837647476,3.5043202076744797,5,3,13,9,82.20584257266529,High
0.8771117168612221,2.348625481357015,5,1,8,0,62.429276511980966,Medium
0.5624993507572446,3.5370627843662805,0,4,5,2,46.62939812604741,Medium
0.6633828524233817,1.700287115961688,2,1,13,7,73.46181474344786,High
0.4470738288053596,3.737041640151319,5,3,2,7,68.24663044627243,Medium
0.41521044604927454,2.8689809403843407,2,2,9,19,75.70177275418561,High
0.977589048806755,3.5432444249062343,2,1,2,14,29.463993798667456,Low
0.9015880723073235,2.6307957112957503,1,0,10,6,40.62851999474955,Medium
0.8175845236562188,3.108944237991312,2,0,11,10,47.70717667383813,Medium
0.6453717666485619,2.816006652340283,0,4,0,6,45.025062810654696,Medium
0.5039765920425074,3.3289738043883297,3,3,10,3,70.05119827441641,High
0.49386222560265164,1.704074955076474,3,4,14,11,100.0,High
0.5501457388987572,1.6508802099764095,4,4,12,5,97.98536834428562,High
0.7295359988236723,2.117758085025366,5,4,14,13,98.14097919679945,High
0.8287575536200373,1.8988617002829709,0,0,4,11,39.3610808523688,Low
0.7961184260306388,3.6794589164805043,2,0,13,10,45.86067379396941,Medium
0.5679603381675657,2.0480349683951107,3,4,3,18,81.30123678934626,High
0.9729191683979165,3.9396631395478283,0,0,8,4,15.686601868605058,Low
0.8427381500174611,2.342239479427767,3,3,14,13,77.36807920502389,High
0.7326124315068404,1.9552947892217483,2,4,8,15,76.6425548475089,High
0.7670324477406114,3.4742462678561976,3,0,14,12,56.57623941181357,Medium
0.6517600374566739,3.14676943875219,5,1,13,19,80.46190411421114,High
0.5486385937006945,2.7454892911328477,5,4,4,3,79.09956334064375,High
0.613583607190757,2.8884088773440784,4,4,9,10,81.07256693892893,High
0.8547076662786215,3.2980044456806596,4,3,3,16,57.33164889204855,Medium
0.40863609317785354,2.071136853328247,3,2,6,6,77.94318773960339,High
0.46964358430414976,3.9908347901418546,0,2,14,13,56.80590872641547,Medium
0.4276015852130517,3.936982905366958,5,3,5,10,73.02610753780836,High
0.4244372813913821,3.1258142158673423,0,3,3,8,52.26436658567129,Medium
0.9132763504066044,1.9988561273228629,0,3,12,12,59.480384710507195,Medium
0.8221947156280143,3.2005706060782284,3,2,12,17,64.60650531409715,Medium
0.6845042974523952,1.6804960224479397,0,3,14,10,73.8148678774248,High
0.4587004963906009,1.5766312555145152,5,0,9,14,91.3856675892308,High
0.6949695250700993,2.1442072212780343,2,4,1,18,67.25914678441569,Medium
0.6840830624683394,2.656557391848291,4,4,0,0,62.071103582783515,Medium
0.5039211219460091,3.6706812635209514,2,1,3,3,43.13634248695013,Medium
0.6603109895427839,3.31792267441577,0,1,3,13,35.408333674130944,Low
0.639102840638424,3.3567663029999526,2,4,12,13,71.36822334446352,High
0.76951005883133,2.5637333361201886,5,0,0,2,49.582264285544916,Medium
0.7810561905205863,2.3648374813674073,5,2,5,16,73.60937756550247,High
0.42718240586322676,2.4275969074615067,0,2,3,2,52.13673469085586,Medium
0.6247675687758827,3.9691239093401447,3,0,0,15,37.81805815556325,Low
0.7755159494285419,1.6002729785312062,2,2,0,13,57.47663223754626,Medium
0.7018817551480526,3.6675787403061215,3,3,14,19,72.74894239101668,High
0.9138939047129934,2.9466885214309837,3,4,12,12,68.97735859717042,Medium
0.795216178971367,2.596538547973976,1,4,0,14,50.22596736140556,Medium
0.49776065624885785,3.313144151037841,0,0,7,13,43.95813223966727,Medium
0.4423412484402579,2.716672353561757,4,2,9,18,85.6396265267721,High
0.7854515669237894,3.6835580952041513,5,1,7,5,53.74635637100691,Medium
0.41590678632497313,3.7517546600281464,5,1,1,9,60.84618194671961,Medium
0.751465348764078,2.5543023171836383,0,2,10,14,54.3983628776005,Medium
0.9641381448549745,2.192069493087629,4,1,12,19,71.01377927492473,High
0.7452845067255274,2.9808758214834055,5,0,6,5,56.87986151614485,Medium
0.6329019557239132,3.7809083640417276,0,0,13,9,40.874838130626195,Medium
0.785972931065412,2.0266554725141663,5,2,7,6,74.79452803224186,High
0.6749517342949101,3.057416458908707,3,1,7,16,59.92776603911653,Medium
0.727370073589561,3.0789005502313014,2,0,10,17,53.616191554104546,Medium
0.9648788852659151,3.3327825560382025,2,0,9,16,39.57701902898137,Low
0.6316615826804646,1.8289192128181495,5,3,14,8,98.44434456459992,High
0.9767143382943485,3.289562411705221,1,3,10,9,44.53580235117385,Medium
0.9432103851736382,3.7725813016641023,4,0,12,9,47.04577157641345,Medium
0.5174746808735778,1.949207772175605,4,2,6,6,79.80893504330083,High
0.4416167805250993,2.093858312309694,4,4,4,15,90.89674565589908,High
0.460466800826456,3.928487735104099,3,4,0,17,61.79645061590077,Medium
0.41093309539092987,1.9524423817737244,4,0,11,5,83.03825236662556,High
0.45666577645355705,3.635962733423948,2,0,8,19,56.873741607618236,Medium
0.8098040640498141,2.730694641120087,3,0,12,0,53.30089102680657,Medium
0.44271318907613744,2.1180776860079424,0,2,6,0,58.110695576875074,Medium
0.5913853781762568,3.6768747531812784,4,3,1,11,58.575837341136946,Medium
0.9069251865816728,2.6132631375066637,4,0,5,1,45.59036116166645,Medium
0.41396316144149553,2.7870433848242255,0,0,1,3,38.57103969409792,Low
0.8886810895533614,2.398083423499414,4,1,14,16,73.4719221828714,High
0.56911286486404,2.9823771285873186,0,2,0,3,36.91171411956522,Low
0.4708988965729938,1.9088096814625568,3,0,13,10,81.57594732245468,High
0.8180422992184904,2.4777038416294017,2,1,6,3,47.00126961496637,Medium
0.7773657080679304,3.923530805838219,0,4,12,0,43.6700636189006,Medium
0.9264832081162317,2.1453335817528187,1,0,1,6,30.987335857822544,Low
0.8410426262823314,3.1418416613532303,0,0,12,17,41.43987833517444,Medium
0.8820885582309091,2.312975160561737,4,1,13,8,69.08670606514626,Medium
0.5692207435427838,3.4336828142165015,3,2,13,2,66.39434211612362,Medium
0.5064637262678338,1.8271841517958745,5,0,1,7,71.46960943132791,High
0.850368850984515,3.924552612696362,3,4,12,18,64.73971983365578,Medium
0.8841008435603583,2.634473853459098,5,0,10,3,59.79122772299469,Medium
0.994303085200404,2.09012615836616,0,4,4,17,49.826615008322236,Medium
0.6475706061468559,1.6837418683250316,2,3,13,19,88.25975707087545,High
0.6232108514756699,1.9243947627188518,1,3,4,10,63.82761831378468,Medium
0.8658477764451982,2.7994348713900443,3,4,6,13,63.87174022829163,Medium
0.6044821241518107,2.3425079410782157,4,2,0,17,68.89563562314541,Medium
0.9584543953621388,3.5722084147065236,5,0,7,15,48.93974003844921,Medium
0.9150476511058071,2.5772188091545147,4,0,2,2,41.625905864222574,Medium
0.657396416425011,2.121785681469075,2,3,3,14,65.98628652830881,Medium
0.8505226406748985,3.0428624665100754,5,4,14,3,79.0504697079033,High
0.8527257244508094,3.2669430422136143,3,0,8,4,42.221540599831485,Medium
0.4618743213015596,1.9176047697523746,0,0,3,16,54.84897945041387,Medium
0.94153174400774,1.9190480407207942,4,2,9,6,67.64824983248246,Medium
0.7031514234687143,1.5916785673338574,2,1,11,15,73.95715738791286,High
0.895874479664645,3.341005037664101,3,3,14,13,65.25497043677319,Medium
0.5920297606183671,3.1595113190545128,3,3,4,15,65.22369638472018,Medium
0.9373139370977203,2.6865771893745345,3,1,6,6,46.64167062234584,Medium
0.6335210072404979,3.610426122422993,3,0,3,8,42.05489848615015,Medium
0.406502590888179,3.514175382375133,5,2,13,3,82.59814254072151,High
0.9432291858515582,2.9633859109918803,3,2,0,10,40.636973456018865,Medium
0.45477200607168017,3.6706782012831467,4,3,8,1,69.60233774430132,Medium
0.5915881825542489,2.0146030250919207,2,2,3,11,64.19044244691084,Medium
0.9700371802304829,1.7797990484943198,5,1,8,11,69.90052230583748,Medium
0.9703642881625336,2.174374028792474,3,0,5,3,43.441688185573916,Medium
0.7440627328739717,1.6427171402232872,1,1,14,17,72.31031928280825,High
0.7791023273018796,2.82792382000258,1,4,0,6,44.55666870789902,Medium
0.6690673131869919,3.8415142307374035,2,3,11,0,53.32216516514629,Medium
0.5759264630188388,1.5983588516712741,0,2,2,12,57.97935296253371,Medium
0.5971987272219496,1.805274785025067,0,4,10,5,71.55930306087134,High
0.803511073646223,2.630497570708588,5,2,1,5,58.5545813470652,Medium
0.851424717662608,3.8346875438197623,5,0,8,11,50.09613585529806,Medium
0.8749474262355091,2.290390262441876,5,0,14,7,71.59820032616088,High
0.8737708856767323,2.768087021720981,0,0,11,18,42.8682943557209,Medium
0.45472366182921425,1.6039321476259802,1,2,0,4,60.77173205057163,Medium
0.6966521828215488,1.8708580024052222,0,4,12,17,75.92533266308583,High
0.4345352560099866,3.9665753073971173,4,0,13,4,64.45283668562936,Medium
0.7297173293942414,3.912796741090114,3,4,8,9,59.18333941332921,Medium
0.6649183008240263,1.512349952336024,5,2,8,0,83.2797684436787,High
0.9326225096549798,3.8795294635580975,1,4,7,9,39.899804978219834,Low
0.6105490075312472,3.097799844538751,2,2,7,4,55.100041253362605,Medium
0.47024020985656356,3.6697957363000553,2,2,10,11,62.992434242736906,Medium
0.48579500923170155,2.6368496390846476,3,3,13,6,83.69970323988545,High
0.8569063790304834,2.7889900714481257,1,2,11,8,51.333844124299404,Medium
0.7709308379897566,2.7221164506423006,0,2,0,11,35.441601973986735,Low
0.46067360567367416,3.1671606438652606,0,1,10,0,48.901449334400425,Medium
0.4504640836689985,1.8491281368907821,4,0,7,10,78.99015528433225,High
0.820581478875472,1.5749339746816948,4,3,9,14,83.92740109816417,High
0.44365780381851616,2.269824853977977,0,3,13,1,71.55543930747959,High
0.8931160355742137,3.261701906841617,2,3,2,19,46.158339508615285,Medium
0.8237453362938978,2.004633630307371,5,1,10,6,74.00385024517038,High
0.4488092683851399,3.1835810833122933,2,2,6,11,62.71181843147147,Medium
0.4509026284511152,3.924780115268176,4,0,10,17,66.21609370927364,Medium
0.9919837471007052,1.734751789473546,3,4,14,2,75.97313222123633,High
0.6245624774536722,3.1815052955628156,0,2,0,6,34.20244794622496,Low
0.6223852882401346,2.609375548261428,4,1,0,10,58.01083298778034,Medium
0.8876797403545016,3.6703556359437632,4,2,9,17,57.7892540263823,Medium
0.9683491464303152,1.9428744736184647,5,2,12,11,78.33728940660274,High
0.9916006382937226,3.2315648805654114,0,1,4,5,20.52032566259698,Low
0.852026911155365,3.5952882241202757,5,3,4,4,54.96604131258265,Medium
0.6257557513185494,3.861535548685058,0,3,7,0,38.85441446040744,Low
0.4501004300192013,3.2081200707241146,5,0,6,11,69.4147820919908,Medium
0.866288149556462,2.7429369100210685,2,0,7,10,43.41910491753083,Medium
0.735042549841483,3.0446181005030346,3,3,5,3,56.15211700131033,Medium
0.6545332055481858,3.6722624611967953,3,4,5,17,64.09604716610461,Medium
0.9438126310568415,2.926524366597074,0,2,1,3,23.982251091755597,Low
0.4667184893836908,1.5759676492420922,1,4,5,16,82.07158393223145,High
0.6955750625745155,3.8273717387674444,4,2,4,1,48.403280109344934,Medium
0.40681218686045145,3.223816877578903,4,3,12,1,81.98934374979291,High
0.6811963851964757,3.1912834644431163,0,0,2,11,29.339309947709808,Low
0.4337819654091024,2.0391878809942927,5,0,5,5,77.25684257369298,High
0.4712907497608432,3.147213675581643,1,4,7,9,65.67623325374984,Medium
0.47051574806626295,2.484661014135396,2,0,8,15,65.83275993599553,Medium
0.7895261812696381,3.12808244260373,5,3,0,13,60.63812832317717,Medium
0.8476269275592541,1.766482575769977,5,4,2,6,75.43009713993007,High
0.7500212590582958,3.1446132615075904,0,2,2,18,38.553017022592265,Low
0.9773035290847252,3.9985343144266663,0,0,10,16,23.92251569234433,Low
0.6249223477142225,1.62053009715139,4,1,7,8,77.2978051199172,High
0.5714272517691165,3.942935460553293,0,0,0,12,23.71355532370241,Low
0.9211594769136762,2.5172699018071762,0,2,4,4,33.980921905381194,Low
0.5341575031116716,3.676883625843148,0,4,2,4,42.86486361710165,Medium
0.9779335236643668,3.4559637101456837,4,2,1,9,40.32302195196849,Medium
0.4072926848138898,2.9175406524666694,2,1,14,9,74.03288608277771,High
0.9819272960245834,3.3461230231283166,2,3,7,6,42.7616779277335,Medium
0.4258959471703457,3.69628890325337,0,0,2,14,36.00127308065248,Low
0.9346858682188427,2.510350804127582,4,4,6,6,65.50905722997047,Medium
0.7166206654517799,2.3175829039080966,2,3,11,14,73.65934434284785,High
0.9957788776715802,3.168983463908962,5,2,10,2,57.47901025404717,Medium
0.44427793884123934,3.5196148548531463,2,4,0,18,62.032733897818964,Medium
0.7323125706407925,3.4057128369415395,2,3,5,9,50.650368804952905,Medium
0.9815815213714594,3.494534122146586,4,4,2,14,51.79139792367577,Medium
0.7138587065020894,2.5889582870323324,5,1,7,2,66.0560688695931,Medium
0.7776391828811575,3.544585540437554,4,1,5,5,47.44857728037816,Medium
0.8174492133907703,1.8005226384265212,0,0,11,11,51.29680508010398,Medium
0.672724638860664,2.8612227449021237,3,0,1,14,47.9787869965522,Medium
0.7765348480504382,1.514396651245304,2,1,5,5,57.79463956552944,Medium
0.7505885871538602,2.3114645747506755,3,4,6,12,72.86181076633883,High
0.9406948062945933,2.416153837178495,4,1,4,18,57.21066937643131,Medium
0.42726782820487474,2.4904317290231384,4,0,2,2,62.004969581573626,Medium
0.5685779137553382,3.2386680167246555,4,1,3,7,56.87020328253992,Medium
0.9702468904459353,2.4713952531758645,3,1,3,7,43.476171850403944,Medium
0.9341582703345498,2.6217340565563267,4,4,5,19,69.41632862105475,Medium
0.6733940516714279,2.0938603271858187,0,3,9,14,64.62563466128469,Medium
0.772079558680922,2.43312947907335,4,0,0,3,46.285522862029616,Medium
0.5664287097886797,2.0681740681578784,1,4,10,18,81.66111092687403,High
0.5128726958342568,1.682989809421109,3,1,3,2,67.15519407241864,Medium
0.6782190429639894,3.008621483453445,1,1,9,12,51.285023446905974,Medium
0.6120113368156317,3.170531996387541,4,3,12,7,77.31422656349932,High
0.7501936671105233,3.0487258650240365,0,0,3,15,31.504994665338707,Low
0.44664078217899095,2.658735109501431,2,0,9,12,65.04701761782604,Medium
0.9846368845996999,2.4494644504480743,5,2,0,2,50.11988011153126,Medium
0.9917264466877618,3.658334123929563,5,0,8,15,48.2476008931939,Medium
0.8188970284118471,2.797704462840545,4,3,3,8,59.76707423512067,Medium
0.7216578198064723,2.6979546940743275,0,2,6,13,47.654140266997835,Medium
0.5857165697717966,1.5641051645160893,3,2,11,12,86.43028556396725,High
0.8882770118241692,2.3531195690653908,1,1,13,6,52.43772383637932,Medium
0.8108387035323276,2.4504890469646425,1,1,2,14,42.06156138906047,Medium
0.4975701636069348,2.497056952242251,1,0,9,6,56.6266239333001,Medium
0.9465563106963055,2.950430923068331,3,2,11,5,54.63343834146447,Medium
0.8935223457539014,2.834006366817196,5,1,2,1,48.41904250167198,Medium
0.9698799479751544,3.0197627319836116,0,3,13,8,46.50717476115771,Medium
0.835431705033016,3.4122081538553206,3,1,7,16,49.96065026012616,Medium
0.7680491175614739,3.532464346790234,1,1,7,4,35.453391829638704,Low
0.6509458217743713,3.295307690566236,4,2,10,11,69.50909022336279,Medium
0.9596370900124079,3.888809239887337,2,2,11,0,37.22642400063032,Low
0.9196383337002451,1.545581456690904,3,4,0,9,63.25865208508115,Medium
0.4271312020637137,1.9894449642088652,3,3,9,10,88.52030227536281,High
0.41582018469835125,1.5189071874453552,0,2,1,15,65.1781207376124,Medium
0.6258780201268298,3.1186867853865072,0,0,7,13,40.778011341061735,Medium
0.8863319984690997,3.7450763723749674,3,3,0,7,37.59595633748634,Low
0.9923656775889667,2.1087057414407484,1,3,14,16,65.21831548203386,Medium
0.4902501346621169,3.8175863619907666,2,2,11,17,65.21413099360765,Medium
0.7564784292112812,1.650668475723902,0,3,7,11,61.23417807430973,Medium
0.6285345139786129,3.8360900670137856,1,2,7,16,47.997718770717626,Medium
0.9819486386887619,2.3790567180990863,4,1,1,13,48.931487271458664,Medium
0.9052713538814252,1.7535520711230412,0,4,3,15,54.25362513351258,Medium
0.9029972228266827,2.7146793979658144,1,1,5,13,39.733317107274544,Low
0.6812158958769822,2.14194141930127,1,2,11,8,64.83194997190802,Medium
0.6488917014025991,2.212182254904807,2,2,10,3,66.42250939484796,Medium
0.5640442431584237,2.2682249123157163,2,1,8,10,65.75598115050589,Medium
0.4338252979905563,3.5075647445816585,4,0,14,5,71.07134063456115,High
0.918833425753032,2.847903191688136,1,0,7,14,37.26763105299736,Low
0.8877406054780466,2.278269247890009,5,0,11,4,65.20768330197805,Medium
0.9998306039716783,3.025834458277296,1,2,14,10,48.74843125835991,Medium
0.9979821022443432,3.290376685557984,2,3,7,17,48.17694905464643,Medium
0.7332590233615766,2.1815600018338346,5,2,6,12,76.8540390471986,High
0.8613924491083063,2.5338727538133785,0,3,13,10,56.705574497533966,Medium
0.9668594379294568,1.8047152333423688,0,1,12,13,51.77847014939804,Medium
0.9097884344064469,1.9528733738367008,3,4,8,17,75.57972888537512,High
0.5484088610459186,3.2027946349124568,2,3,14,18,78.03569920903868,High
0.6703264811860561,1.9535958692390674,3,0,1,14,57.15098206016708,Medium
0.47749564909089703,2.8129084591676503,5,2,2,8,72.77108944468762,High
0.9724306163552334,3.272615654306082,2,1,9,7,39.376618802729844,Low
0.763704780670528,1.7671923077368596,4,0,7,19,71.77988569581028,High
0.5371856833020776,2.918280549072259,1,1,13,0,57.829767177194306,Medium
0.803020410643514,2.1414069592534095,4,4,5,3,71.46511398172535,High
0.7708769442747375,3.9073171880939497,5,2,9,13,63.091750348071,Medium
0.6148976308197043,2.7088641167998118,2,2,8,1,58.81545359921371,Medium
0.46813455531977743,3.5149813744378955,5,4,9,15,88.12480404282995,High
0.8029439173556798,2.8755663553906543,1,2,3,2,37.62657975186626,Low
0.7121846205422759,1.6085313321370478,0,3,7,7,61.427301856938485,Medium
0.8633910350413836,3.082878438985056,0,1,9,5,34.6355742084941,Low
0.712098100667196,3.8785083555166424,5,0,2,15,48.23099241814573,Medium
0.9113089001911241,3.004029550365828,3,4,2,15,55.007348488696756,Medium
0.7311441032646913,3.5479721485669753,2,3,7,6,50.7745143837426,Medium
0.7365627829212318,3.7105161583710196,2,0,4,12,35.432327099440535,Low
0.925992161595007,2.070199429872331,0,0,2,12,31.258319237476407,Low
0.6420897197274382,2.030112099770567,4,4,9,4,85.5152902131968,High
0.48040913707038446,3.0274524721274796,1,3,10,19,72.00910979590984,High
0.41726960578800343,2.527571174516762,4,0,0,17,66.53350402331225,Medium
0.8530823534041714,3.5996532571668007,4,0,14,14,57.88017329216514,Medium
0.7721857308120788,3.750057808495028,5,3,2,17,60.11199268256657,Medium
0.8224478608595341,2.3835534482567953,0,2,11,1,48.266551083050686,Medium
0.5277784969053465,2.092176397436205,0,0,8,9,54.46709614942409,Medium
0.48182288535206186,3.4513137881096547,0,1,4,12,42.21394670482098,Medium
0.4087267994007292,2.18701508887034,5,3,11,17,100.0,High
0.6103525352839582,3.556535796284196,3,0,9,14,55.52054062579971,Medium
0.7539506121127799,2.559345634121907,4,4,14,11,86.74851917426973,High
0.6353464270598395,3.168874748228676,5,1,1,14,60.39739543531966,Medium
0.6624849532142374,1.7388382845866706,2,0,6,12,61.1122190255638,Medium
0.942495216696249,3.059648311691433,1,1,14,17,50.20370821523571,Medium
0.6089532802139802,2.629419196843073,3,1,1,14,56.84767682301006,Medium
0.7083936934958865,2.9665211579386854,2,2,3,10,49.49904068077768,Medium
0.8701918076446858,1.9200355193621585,4,1,11,18,75.49197250059098,High
0.6379256693927621,3.342184362360455,0,2,6,2,39.061129600684964,Low
0.7732520201367241,3.6569926938580712,4,3,3,6,51.999992255950325,Medium
0.9174182252480471,2.041849500226939,5,2,6,13,71.38477598780872,High
0.9697123741945852,1.7392863888004042,1,4,6,13,60.31864114421255,Medium
0.4882440885574228,1.559096465115841,5,0,0,12,75.87927180654468,High
0.9559525750968967,3.104928751108165,3,3,5,11,50.71260948504248,Medium
0.6952697758477229,3.0177350902219517,3,3,8,8,65.01185806387157,Medium
0.5549466329793751,2.866743531785175,1,4,1,0,51.63469936297325,Medium
0.6754814537429568,2.079867740289939,2,2,13,18,78.68206444738234,High
0.9880195451712862,2.4772649897637864,2,0,2,10,33.70656829551069,Low
0.6955708563957217,2.9861908379654327,3,2,9,18,67.81525736451681,Medium
0.597250966172505,2.7419171471479236,3,1,4,17,62.19078988162057,Medium
0.7800405125900355,3.969463800537218,0,2,8,11,34.6037414910264,Low
0.5440873712669159,1.8410993813918328,2,3,3,0,66.32551133540504,Medium
0.4455179968651984,3.2378613851189844,1,0,0,18,43.80066627420223,Medium
0.47732783314638955,2.5107969202607303,2,2,3,19,67.79891747153712,Medium
0.4768275033746635,2.570499037314037,0,0,5,16,50.72190949187309,Medium
0.4911416161073766,3.2939944141454407,5,0,4,4,60.41439121425053,Medium
0.4832963035896461,3.231090378310924,3,1,13,2,67.85724407330491,Medium
0.7845248468819288,3.9781399842554706,3,1,12,1,46.33760628216814,Medium
0.509128050639487,1.820985723635313,0,3,0,2,54.42502073806739,Medium
0.6074003699943179,1.7602741234604158,1,4,3,7,67.10124396562313,Medium
0.9380730459436071,3.3108470428218526,3,0,5,15,39.36860773403719,Low
0.6843769841577234,2.9459672925160225,4,4,12,5,79.66524770853084,High
0.8005346431126164,2.185401666399515,3,3,14,12,80.1245976115002,High
0.5033919227209779,1.6985484224724665,4,0,9,15,83.87883886643621,High
0.5153734112852024,1.7141456239910764,0,0,9,15,63.243607308681135,Medium
0.42452116975988735,3.7354771866602956,0,4,13,2,62.16438134300155,Medium
0.5013610378432988,1.9796683117968572,3,2,3,12,73.64887536829949,High
0.5671542034191752,2.308428905288802,2,1,14,13,75.72954281034498,High
0.5062062905660482,2.0666410055674698,4,2,13,7,90.08533832168338,High
0.4532215202542334,2.3874907645798435,1,4,8,11,76.49623154403223,High
0.4723815226603605,1.6735596068652334,3,1,4,7,72.86914302493324,High
0.6764672608196355,2.797649477270676,1,2,7,8,52.46481479450782,Medium
0.5238002310434755,1.6690314089805374,3,1,8,0,73.35767666845561,High
0.6185619166288453,3.500891269555904,2,0,9,5,46.24861063928715,Medium
0.7020503625129142,2.0842802047760824,2,2,4,18,64.07518345172261,Medium
0.8142368971776193,2.8500297865112767,2,1,5,10,45.430226247782464,Medium
0.4235872839046594,3.7001977189036457,5,1,0,10,60.05453145477717,Medium
0.8796462393454256,3.127193422617985,2,1,10,12,48.542216200003125,Medium
0.7767402336945446,2.8323944663783385,0,2,11,10,50.10644598843483,Medium
0.4490554191693232,2.310834382788439,0,3,14,17,80.42943940534268,High
0.9241471744640664,2.3325047826454948,5,2,6,14,68.7090651949824,Medium
0.9525234403190879,3.173717387995475,4,4,3,0,50.66188850728173,Medium
0.4366467759129183,3.9853484030529187,1,2,10,6,53.68064493295408,Medium
0.5661265888883222,3.1545979746234467,3,1,1,12,52.30895669823264,Medium
0.8837207678758368,2.8944585434250625,3,0,4,11,42.2065838507159,Medium
0.848955814230195,3.326626275598115,5,2,11,17,70.77550467481106,High
0.5107126116138264,2.663014030709295,0,2,2,18,52.94135522835399,Medium
0.5256095940020262,1.650355856501963,3,1,5,14,75.97205767489932,High
0.6222832616748292,2.9057420396947746,0,0,7,7,40.051249136059084,Medium
0.6907137911146128,3.8940632112634503,4,0,6,18,51.430816242780985,Medium
0.7709528629181777,1.9382573558941492,1,4,2,9,58.27931192433141,Medium
0.6213481837418635,3.225012227051664,4,2,7,6,64.39595037980882,Medium
0.6775208296798887,2.002334221647641,5,0,1,17,67.87582459632804,Medium
0.8484825628802539,2.8395692111827033,2,0,9,15,48.66500537296281,Medium
0.42200992173435875,1.741691124116799,2,3,8,19,89.20269188945767,High
0.5514621666064125,2.625927340645463,2,3,3,5,60.68223992928887,Medium
0.8280097515307314,3.390408322238115,4,0,0,8,36.975526716389595,Low
0.9371241026123196,2.3689288105974553,3,4,7,12,66.32574778953267,Medium
0.7070064652693997,3.162279311218045,1,0,6,7,37.596948277043566,Low
0.7192680911591893,3.488624901974323,2,1,10,15,52.8430273338892,Medium
0.46430320680386566,3.8179445486986316,5,2,12,12,80.24842624085906,High
0.6684474200940729,2.0866052046386336,5,4,4,12,85.39605114985075,High
0.7195703598730139,2.4982897895232705,2,1,9,16,61.73428770984674,Medium
0.5454823021808378,1.8810400333260435,2,4,12,19,92.87030757950605,High
0.5615459385696286,3.981208755395938,1,1,4,4,34.72607490325547,Low
0.6263704978627735,3.8175024198107383,2,2,6,16,51.77015588738168,Medium
0.41204271866663583,2.849892825701399,1,2,4,8,58.01936299632058,Medium
0.593247499349907,3.605083235941053,5,3,7,1,68.2192676665932,Medium
0.5268688041979268,2.802394943180105,2,1,10,17,68.40129840028187,Medium
0.5964984113067489,3.0589642200068994,4,3,12,8,79.55042134766106,High
0.47185727909155073,1.7228110802900416,4,1,5,5,77.89759803343756,High
0.934316368443937,3.38817605124202,5,3,12,10,68.74558474982231,Medium
0.7561554721324293,1.8192837090880871,1,2,4,5,53.06094402382196,Medium
0.8074613914866937,3.565169075631321,4,4,8,5,62.54985358421904,Medium
0.8735027431644029,3.4550702191759646,1,3,10,12,48.509188081664234,Medium
0.6990653193574343,3.271861744357441,4,1,1,10,49.818769782128214,Medium
0.45215217285245424,1.5904009513119053,4,1,0,13,76.50990357278278,High
0.7222639250911287,2.2578208898633214,1,2,7,1,52.53123409772164,Medium
0.7521046708125274,2.157781424777107,3,1,11,7,67.33799891972782,Medium
0.8472636845105981,2.4003410186787977,4,0,2,2,46.1060424327881,Medium
0.6589957277378076,1.7191068669095964,2,4,13,2,82.94910222139174,High
0.47654818167733826,3.842394557577657,5,3,10,0,74.5141271571299,High
0.5702655434792347,2.8845056017809405,3,4,11,18,84.8443222430212,High
0.617849377839181,2.263810776645059,1,2,11,17,70.64791711998217,High
0.7875503447989607,2.4924537926857084,3,3,11,16,75.07344828118448,High
0.7424669828013472,2.618006351262089,0,3,6,19,54.621257175325226,Medium
0.6136580355387078,3.001485833401543,0,0,9,12,44.93882024443626,Medium
0.9919091492757878,2.789198569241244,4,2,12,2,59.43164833655605,Medium
0.7634648916141322,3.7984799330360435,4,1,10,0,50.476605005074276,Medium
0.5423360750415966,2.7424087072645755,2,0,7,3,52.88246992569038,Medium
0.46106948357224226,3.9803950370582815,5,0,14,12,73.7532702865275,High
0.49171548351059924,3.6285623943627394,3,4,12,16,81.04575671594864,High
0.5475746370307049,2.0212762858933395,0,4,12,10,76.88425165983841,High
0.49640882395573344,3.8264880366097906,4,4,5,1,65.87876667567275,Medium
0.5119402144307835,1.7909159947136901,5,0,11,15,90.61323147563176,High
0.5710571012163083,3.543624271227979,3,1,9,1,54.721473239067876,Medium
0.5040241571768529,2.45155823369145,4,3,13,18,95.82345137601138,High
0.9380592547758551,3.6949358011126736,4,4,8,18,62.52827179783906,Medium
0.4481402473969853,3.6701417252686257,0,1,6,15,45.872972851434334,Medium
0.7147068337421528,3.514813500294053,0,2,14,18,54.26359164737336,Medium
0.6462380961937969,3.4750760907676534,4,4,9,8,72.89971524457158,High
0.9894271701451638,2.261697847745102,1,3,4,0,40.80593471674243,Medium
0.46722334130083143,1.7022982076281306,4,2,7,9,87.28808427168543,High
0.638713359427445,2.5074504469129035,5,2,14,18,92.37696115377317,High
0.9816822599652213,1.9338112874662716,4,3,1,0,54.89459672672843,Medium
0.9193042755363882,3.2373777222561544,2,4,6,1,46.35405175598293,Medium
0.8902432425695679,2.365249316344464,2,0,14,15,59.237777133772646,Medium
0.5547416962269639,3.939025502149787,2,3,3,11,50.420077129423575,Medium
0.5025325524340395,3.10243019336333,1,3,8,7,61.37439596900512,Medium
0.8011859319546586,3.556201409085902,1,3,11,17,54.39054863095463,Medium
0.9576255934765515,1.8313116818546211,4,2,0,1,51.88185944239173,Medium
0.7340577358083579,3.655036205681556,2,1,6,12,43.08732851085013,Medium
0.7429676136819399,3.806892976283486,1,0,5,5,27.212365689887545,Low
0.5679874561961705,2.7176547970473397,0,4,7,5,59.10395378167978,Medium
0.8616957599151621,3.0156323443774435,4,4,4,8,61.37584615961908,Medium
0.5122262491345141,3.4120245022574887,5,1,14,15,82.89070501204455,High
0.5942075418425462,1.9370965681510315,3,3,0,10,68.86073264478784,Medium
0.6552618631698501,2.756415191158606,4,0,0,6,49.22537356161993,Medium
0.704566227210673,2.496657569430783,3,4,8,9,74.35077521726525,High
0.5454458394490481,1.8659349804056227,2,4,14,9,91.02281661798185,High
0.46890209484352213,2.4188360557288284,3,3,9,19,87.05555564897082,High
0.7663720254649795,1.670430773463734,2,1,5,17,62.64081124676348,Medium
0.5731783319441535,1.5645297673737175,0,0,9,19,64.42756904849668,Medium
0.7487429328535673,1.8379157228870568,3,1,4,8,60.67112545698674,Medium
0.4926176291645214,3.9077877789729345,4,1,14,14,73.21741704368979,High
0.6886840611128905,2.8738238397375424,2,0,0,3,35.214399158108954,Low
0.7195536595309515,3.91455540288305,4,0,5,7,43.07229958993144,Medium
0.43109412209345616,2.5812446958253297,1,4,5,8,69.44378815800846,Medium
0.6019625669163524,2.279540332713149,2,4,2,12,68.12609399621442,Medium
0.48064880616338457,2.7653546571006102,3,0,12,8,70.12050118245851,High
0.43802498228366066,2.5987792215822756,2,2,7,3,66.49120849283082,Medium
0.9939761394339671,1.76416171065436,4,4,13,16,86.09933731609772,High
0.5934123069848338,3.1020657867255155,0,2,14,15,61.742849853351494,Medium
0.885924667512781,2.040095456273999,2,0,0,14,41.16205873674877,Medium
0.5527843928582583,3.048969887244574,3,4,0,2,59.39892541322393,Medium
0.8089016333343575,3.1255027309953833,1,1,5,19,42.388907356671865,Medium
0.8561367159338119,1.8800621328216203,5,0,9,4,67.45391003443132,Medium
0.7573832443647066,1.6533740677766704,0,3,12,4,65.17092954764503,Medium
0.6829457131300951,3.4519039651710997,1,2,0,19,40.663131823085195,Medium
0.6471045484883611,2.6495010594233004,2,0,5,14,52.12080746623255,Medium
0.6093209599257972,1.6454094887636894,4,0,0,17,67.67306671533122,Medium
0.9577174865486955,3.9871657929244178,4,4,13,14,64.31964260880801,Medium
0.8983716446726375,1.6444514024909167,3,4,12,1,77.12062018818533,High
0.9790161463999075,3.237588072146383,4,4,5,12,57.96347342253987,Medium
0.4745783340913269,3.959197313158534,0,3,2,3,37.924893504761584,Low
0.8385204851221866,2.097950260539814,4,4,13,9,85.47967798971439,High
0.9630042740926227,1.8556234217179903,3,0,13,12,63.423594819115195,Medium
0.5087398396993961,1.8034623485560721,5,4,14,9,100.0,High
0.4398977604200665,2.2581878689189887,2,1,7,8,68.32221089400745,Medium
0.8446723895740355,1.7526145275266167,2,4,12,7,76.18695914177242,High
0.7446838679079472,3.23040335423533,4,3,14,2,71.90861174132881,High
0.9050972660549632,1.6557294953251567,1,1,5,15,51.2388144045499,Medium
0.4838634259757737,2.7735553203744745,2,0,12,13,67.40990975722431,Medium
0.8771603871159341,3.991742134632442,5,0,10,8,48.99616316903821,Medium
0.5209763920286468,3.534925673765047,4,2,12,10,74.81168758120366,High
0.49819356571942275,3.038048595577527,3,1,0,2,49.69177141544782,Medium
0.4985594787585958,2.2656340519665292,5,2,14,4,93.40128032999087,High
0.8887448321388293,3.0597395907290963,4,1,4,9,48.35281080715586,Medium
0.79911833241772,2.817603659779129,5,1,7,12,65.3592301054999,Medium
0.7138392548614716,2.5652084597259286,2,3,2,3,52.294345208281854,Medium
0.6152982904741016,1.8267759418504987,3,2,11,12,82.62030896253094,High
0.9263203244878649,3.7165105381011667,4,3,5,11,50.78208163947373,Medium
0.6354670644535813,2.6244616220533064,0,1,4,4,40.336701201323685,Medium
0.8899596636829463,1.9865562795519127,3,0,5,9,51.536050657163024,Medium
0.6634809451421311,2.419398377193224,0,1,9,8,50.766778422382515,Medium
0.6261666576549445,2.535324381322318,5,3,0,19,76.10008988057905,High
0.6776078714017639,3.5688447389171856,1,2,6,6,42.207237754757585,Medium
0.5808267244984853,3.3340359514035054,3,2,8,1,58.92657150602554,Medium
0.8485656281057508,3.4232622341033494,5,3,1,6,53.324752534736476,Medium
0.7016322340554875,1.527578161071618,0,2,9,7,61.65892902706432,Medium
0.5393276170880904,2.5403849954494038,2,4,14,6,83.02304536198234,High
0.9397447439647411,2.703360379088309,2,0,4,13,37.87660645052726,Low
0.6303347328239268,1.5479806920576418,1,0,9,18,66.80680376646652,Medium
0.7261317166683932,2.1495330218625854,3,0,3,4,50.959401114638425,Medium
0.9438832665787281,3.4007245578053373,3,2,5,17,47.237423758797505,Medium
0.7745427975483953,1.8427742643224976,3,2,5,19,70.59054545483922,High
0.4701388244250185,2.8382753286314792,5,1,10,11,82.31169373668448,High
0.9638992741680851,2.0380046800430938,1,1,1,16,39.56398223284566,Low
0.7766248318428508,1.5303019366097332,3,0,1,12,56.13198736018863,Medium
0.6009433687942517,2.1030036439988535,5,4,3,1,80.9322288082414,High
0.4835632435980324,3.9396843872751344,2,1,0,12,41.26062638332736,Medium
0.8764151135621776,3.503842779707474,0,1,8,6,28.904967660438157,Low
0.7720436535571081,3.8989416108025834,5,2,13,9,67.12883774968984,Medium
0.7200766551857929,2.719635109815906,2,4,13,5,72.00058269440922,High
0.9363355498305745,1.7743404966937588,2,0,12,2,53.803173039839436,Medium
0.8731583267347185,2.8698987224342325,0,1,6,2,30.374679706268935,Low
0.4910049278396507,2.6359433363999023,2,4,11,17,85.00036952241496,High
0.587033240677329,3.61089270684904,1,4,6,10,55.40974330441644,Medium
0.5490934838886794,1.7452064519606114,0,0,14,19,71.0841961248467,High
0.8463677755436062,2.7206028425544453,2,4,2,4,49.9392605527113,Medium
0.4201194608414677,1.8751216617349606,4,4,14,18,100.0,High
0.74193381092279,2.31168981722515,5,4,10,18,92.2057493908369,High
0.8574752114444143,3.3433926934694993,2,1,14,14,54.26706460752844,Medium
0.9260593820570496,2.6900453234219164,1,0,11,15,45.05717148349885,Medium
0.6052490492295445,2.4397207128644234,3,4,2,8,69.39283090217398,Medium
0.8927543828032077,2.4861906964250884,2,4,0,3,46.92791772362081,Medium
0.46637904217312437,2.6486169210149666,3,1,2,14,63.85866910292536,Medium
0.9078713750407109,3.462541359592642,4,0,2,11,37.55973140244514,Low
0.4764931973991895,3.730211722350586,2,2,3,2,47.13815488052656,Medium
0.6383723743362204,3.8883367162598206,0,1,3,13,30.581737863952977,Low
0.8783772194677322,3.4672584656382375,3,0,2,16,36.19232656490834,Low
0.48995045640926427,2.288517239370032,4,4,9,18,96.0168093499291,High
0.537550837139585,3.2203367652163553,0,0,11,5,45.29459886225305,Medium
0.8333515410358399,2.59400781013848,0,0,7,3,32.72586025718161,Low
0.8320219219276446,2.1366765551151277,0,0,7,6,38.85235757174294,Low
0.7846885797311784,3.6021789485648066,0,2,12,18,47.590667325104796,Medium
0.8163690666802601,1.5960658724058125,2,0,12,16,67.38457860873146,Medium
0.7256346660085577,3.754404980338559,5,2,0,15,53.930563556272105,Medium
0.5510794353441717,2.653693661561835,2,4,6,14,73.41988597061479,High
0.6074175961023517,3.093003692020701,2,2,10,7,61.273259235698916,Medium
0.5089586300808554,3.148384805514457,4,4,1,18,74.65780674162121,High
0.945070336800177,3.737794351766341,4,4,0,7,44.31924301032951,Medium
0.7500350768596723,3.0916742054180184,5,2,2,17,63.581854871432924,Medium
0.640510850058184,3.0348339619001545,4,1,3,15,60.03122637867109,Medium
0.6772034821864796,1.6666301014017249,1,3,12,19,80.74555969852356,High
0.9683700037670891,2.79602005486301,5,0,5,18,54.80499930068633,Medium
0.49201084186964816,1.875422502042604,4,3,9,9,91.56534130478803,High
0.7517378992100783,3.343584421803714,5,0,13,16,68.99463981355973,Medium
0.7035332073306796,2.780554802031686,2,0,4,12,46.05312368645596,Medium
0.7668725412607886,3.2005694480208833,2,4,14,12,70.31940386935962,High
0.4108661102925043,1.6041822515059607,5,0,14,6,96.52353307324022,High
0.9232743453664909,1.711980040114508,1,0,13,9,54.949225784195285,Medium
0.9592709694901674,3.2908084701567057,1,2,3,1,26.721076518826244,Low
0.7390799101535254,1.6802108399966835,5,3,7,3,82.63469519389216,High
0.8179904943261354,1.6781418194131466,4,2,10,5,75.99896203282313,High
0.9534996287063774,1.5302711880872186,3,0,11,17,66.55730297087271,Medium
0.8243431805880392,3.8912534957487,1,4,13,5,51.113737818991424,Medium
0.49152342574855684,3.3437708986475174,0,2,3,16,47.40135398358255,Medium
0.745773016100088,2.3831285212551605,2,2,12,13,68.83779414344488,Medium
0.7640290278297135,2.241338953219138,5,1,9,10,74.52544935462008,High
0.6544784027814317,2.374258074364624,0,0,11,18,55.57828314509649,Medium
0.8418665413748336,3.4366338279529547,5,4,12,1,71.45900006547711,High
0.9606202088614089,3.153426527676036,2,2,1,2,30.54092636878329,Low
0.9553411077440658,1.9629889196686698,2,2,14,10,66.15646649355067,Medium
0.6705036228424792,1.935273338335211,1,4,2,5,60.32712170294872,Medium
0.46794282750445315,1.7459891242834933,1,0,5,13,62.82239565698694,Medium
0.9909047193774008,3.1507567992533456,0,1,7,18,32.35624323237052,Low
0.9033388518675605,3.41093165555434,5,2,7,15,60.75712936975418,Medium
0.47479760872196014,2.16261607081251,2,1,14,6,77.3819349429965,High
0.9525051295704234,1.552362402577282,0,3,10,7,56.87617079141024,Medium
0.921937817237277,1.7054291686910683,3,0,14,18,71.06819562359823,High
0.7113028342756433,3.919650087112576,0,3,8,19,45.851385757848504,Medium
0.7547652614469575,2.2386119436935505,4,3,6,15,75.92327010518619,High
0.6394016223220782,3.423057869595334,0,3,12,6,53.193356411163535,Medium
0.4328569832932188,3.0616589221356594,4,0,1,8,57.56913144691465,Medium
0.6011183449875406,2.4548490991322396,4,0,7,12,67.90677520917598,Medium
0.8817120691588068,2.014218155488888,4,4,6,0,69.58933567875884,Medium
0.4027792138027617,1.803466045398516,3,1,7,7,78.85417099390438,High
0.6000995030146865,3.0375324200971665,0,1,11,3,47.620695678440875,Medium
0.638901216154566,3.43658445159447,0,4,2,2,40.07810683787266,Medium
0.7224373617627537,3.1097606338528268,3,4,6,2,61.00489919096158,Medium
0.9519133698476563,2.8257553331228955,2,3,9,12,55.16591187486479,Medium
0.6078075966195767,1.6048780585790907,1,4,12,7,82.13891554942603,High
0.6081719211377367,3.9212219439859597,0,2,8,6,39.46090371463094,Low
0.842500748865849,3.4967854791364363,1,1,2,0,23.332115254001675,Low
0.6713307645338843,2.232055091752412,5,4,13,15,98.82621850112051,High
0.5347628937639892,3.949925823397127,5,2,9,5,68.11022601546917,Medium
0.6714637096796161,3.0047039740908055,3,2,5,6,56.5944118719073,Medium
0.48451421222787994,2.956056645518116,5,2,1,11,71.05886505570365,High
0.505832191903734,3.3701829485738304,5,2,1,8,64.56488283811234,Medium
0.6990206636436879,3.5294244702253437,2,3,4,10,49.74492875199905,Medium
0.6513552697027287,3.1411965183287567,2,2,4,9,51.033824028603284,Medium
0.94890754064086,1.8202393659155,2,3,12,0,63.8413047152106,Medium
0.6174363394699799,2.3456687649862458,5,3,6,17,86.34585877133834,High
0.7483530101668261,3.8202091008151244,3,2,11,3,52.86378858517571,Medium
0.7793585727517183,2.06153902960963,4,1,1,4,55.71026679383497,Medium
0.4078566739530002,2.430417559593783,4,2,10,8,86.38155744594216,High
0.7981224232100264,2.58019220736049,1,2,13,16,62.77318099799405,Medium
0.5068215801218509,2.5985124742361307,4,2,12,2,80.74201205276466,High
0.9766421904816731,3.032348956236314,4,1,6,15,51.11082281836994,Medium
0.4891976366518678,3.857689594361769,2,0,4,4,39.855198590307594,Low
0.6487744742362143,2.1017317795812627,2,0,13,15,70.0317032347388,High
0.4512098008471863,1.803753440752295,5,3,5,2,89.41407355858959,High
0.9981245511075684,1.9936762246498434,1,3,7,19,57.13825570919883,Medium
0.7013170061987455,3.717312250523174,0,1,9,14,39.274197246818446,Low
0.7572310103920263,3.114527031638015,1,4,12,2,58.565489267938794,Medium
0.4402458864330565,2.2147669730979,1,0,13,19,74.24249481169873,High
0.8499762822395067,3.539867347421543,3,3,11,13,60.6022752362043,Medium
0.5259433558573514,3.65342499090859,5,0,3,15,59.42801585662004,Medium
0.9388325736644283,3.6162858467256953,3,1,12,16,51.28383858616591,Medium
0.5230837842892043,3.7973163340988862,1,1,6,19,48.603485287442965,Medium
0.5144126323981999,2.130602550433404,1,4,5,17,75.11746919973797,High
0.42192980070885694,3.387604821865696,1,4,9,17,72.24675975298877,High
0.6832401670659995,2.65134874318535,4,1,1,13,58.15690588550652,Medium
0.7389046799575698,3.6049963822251536,3,3,14,17,70.89384897944566,High
0.43942518365701144,3.321226692904033,1,0,7,14,51.710725724679214,Medium
0.8653165700170063,3.4411186162493115,2,2,9,14,49.476151036826636,Medium
0.6719733008488166,3.140404594202679,5,4,8,5,77.21702202402055,High
0.714634161596548,1.9435719236742672,5,2,4,14,77.97891429939541,High
0.664457648162937,2.8625672972423457,2,3,9,17,68.79602110105907,Medium
0.6404578365251956,3.9616743488112705,5,4,3,3,61.76494305087947,Medium
0.7357841987849307,3.8434701662427972,4,2,5,7,51.1339303861748,Medium
0.4931441475584275,1.6079343394925292,4,3,7,14,93.69489070273761,High
0.5091568782971627,1.9120370393235928,0,0,10,2,56.51335447487756,Medium
0.9170713726081103,1.8293219336364048,0,3,14,14,65.02392575931154,Medium
0.9676692772801796,3.314949774963239,0,4,2,12,33.143731159160424,Low
0.6239855897678518,3.5444633246423627,5,1,9,8,66.0959431628623,Medium
0.5624468038861323,2.0337784157766796,4,0,10,1,72.6643436867879,High
0.7863997259434095,2.7646317323795726,4,2,10,7,67.3976936384679,Medium
0.6452405026588579,3.601757570028,4,4,0,19,63.672804193365685,Medium
0.41523181339620696,3.3320038619156263,2,1,3,16,56.57068884499546,Medium
0.49369155841971424,2.855593013729621,4,3,14,12,90.69640752591522,High
0.8295833373084385,2.975869226146932,2,1,3,0,35.55797424619314,Low
0.7953543651460908,2.7709013672907,0,4,0,1,36.97681172124937,Low
0.4162575955020901,2.2438711282970516,0,4,8,14,75.91098489694588,High
0.5331832971597696,2.9125549821475403,5,1,2,11,67.0471182921338,Medium
0.5386448779528429,3.2222132551252267,0,3,4,13,50.73207233063402,Medium
0.803135646159237,3.6833072896520194,5,1,5,1,48.041501257110326,Medium
0.41182632265261854,3.09072838494812,1,4,7,17,72.61966324441406,High
0.46246514919074433,3.402803842607895,1,4,5,6,58.97335560629128,Medium
0.8799496512239136,1.9001790873864324,3,2,2,5,54.30022307717913,Medium
0.5071267972326002,2.6538936860494746,5,2,5,13,80.17599125020124,High
0.7916476647111248,1.5233290495677332,3,0,0,7,51.60080291587767,Medium
0.5429096686280359,2.1166971613040575,3,4,3,1,73.11664164183799,High
0.4596648356556071,3.316154287782512,1,2,5,16,56.95186369595059,Medium
0.5459033145996725,3.9795248783734087,5,1,6,4,58.36861863227901,Medium
0.8333601591133954,1.7479452489680398,1,3,10,13,67.68614114578378,Medium
0.9134178808637714,2.503735789653221,3,1,12,19,64.92592686891693,Medium
0.8981319187401949,3.5001774217478987,5,3,10,2,62.072949032913215,Medium
0.6383101177710729,2.010089086572247,3,2,9,4,72.86670442343461,High
0.8008510819423877,2.8877123732557157,4,0,2,15,49.58883298974733,Medium
0.5229905772494926,3.332678240074187,5,1,8,17,75.25359450927843,High
0.575888638156608,3.0399636256504476,5,1,11,16,80.0648182172312,High
0.9378014911126719,1.9700618365385403,3,1,11,10,63.28732199010773,Medium
0.40780115410644163,2.3884614217143483,4,3,6,16,88.80333961859886,High
0.45130511851268085,3.459479461213493,2,2,13,15,72.35300064735783,High
0.5247317530876164,2.8855662853300417,1,1,0,1,39.65506702319493,Low
0.41591932232429185,1.513074033857282,3,1,1,3,70.2324867684555,High
0.5088612610538784,3.4024769000702344,5,0,0,6,53.62078055714252,Medium
0.7498249365818153,1.5882783873505977,1,0,10,1,54.62421866322141,Medium
0.6528547303554988,3.3643344568280806,1,2,8,5,47.74246621749924,Medium
0.9356030266461849,2.0062014004130937,1,2,8,16,55.51386493002167,Medium
0.8904661370430645,3.8951837002984506,2,4,6,6,43.429517515292915,Medium
0.6050904110187256,2.419851878255211,0,0,9,4,47.09786477669886,Medium
0.5556540600587755,2.317329040845198,3,4,2,4,70.600547189197,High
0.6278154449003601,1.8722201258311117,0,3,12,19,75.66518094567448,High
0.7541769655088846,2.264010538725537,0,4,14,15,71.69281599238926,High
0.5608381844937258,3.6916269045705015,0,1,4,18,39.650203574545955,Low
0.7744893447094805,3.990835844068118,1,4,14,8,55.112067770939596,Medium
0.6456469913147442,2.420773826267121,4,2,3,4,64.46638208473902,Medium
0.7312283085111881,2.6215265773863563,1,3,6,7,54.03560188568891,Medium
0.66167591748119,3.3051773455068427,1,1,13,8,52.98118984568397,Medium
0.5766794557251507,3.715489451162686,5,4,8,4,74.77792725936712,High
0.969071984177294,2.9826108354669603,5,3,11,9,69.41101227823864,Medium
0.8581634764958566,2.4788142454445734,0,3,1,1,34.885318485720006,Low
0.48406790545987155,2.5315546021215596,1,1,12,8,66.32173776038954,Medium
0.9210807855387477,3.239045366242017,0,4,7,10,42.26631491602992,Medium
0.6924587189497082,1.5080456590106968,5,3,14,3,96.72119465190471,High
0.9367313361364549,3.048973343649602,4,3,8,1,56.54101311804579,Medium
0.8799131535683891,2.3887325261033934,3,0,9,5,51.91614859623051,Medium
0.6551281026815401,3.4854933281927107,0,3,13,13,56.939942610811286,Medium
0.41348158499207044,1.7324765995578304,4,0,9,0,79.63597060473887,High
0.5612064156309676,2.9705056673709764,3,4,8,17,79.34668670105154,High
0.7249805287965201,2.7024322247153094,2,4,13,6,72.4764566009861,High
0.7800869318956885,3.1058138147630685,0,4,9,0,47.238384576541776,Medium
0.5547326112599213,1.662133986207421,0,2,13,0,68.68935568752894,Medium
0.4836136444436945,2.949959468570328,2,4,6,0,66.15585953654895,Medium
0.9009581420795795,2.903711469898809,2,3,14,3,59.424559617828734,Medium
0.9906413084221313,2.9016502360404273,0,1,8,3,28.857845302710476,Low
0.7154141093816115,3.008719166491137,2,0,8,17,51.79624395982417,Medium
0.5030075715089821,3.1911698430659055,1,2,13,10,65.46799870898167,Medium
0.5633843959116214,3.5124724992019245,3,4,2,0,56.339899171515896,Medium
0.41103440592848006,2.1745518003205357,3,4,3,9,81.81310575965544,High
0.9485792839362994,3.5626235254501553,3,1,1,8,30.93059338804647,Low
0.4706506497340847,2.745639205658634,1,1,9,3,57.717581954050274,Medium
0.7459098853085522,1.692645697835828,2,2,2,5,56.73714760929963,Medium
0.5644331324123236,1.6463773231099479,4,0,10,15,83.45890147240758,High
0.732506801509476,2.3355957967401517,2,4,10,1,68.84376997221945,Medium
0.7908522330111185,3.4622424427786687,0,2,4,17,36.24348625176857,Low
0.8978450822243209,3.269202336852289,5,3,4,9,58.894173342504274,Medium
0.523852763056362,3.471537411681016,3,3,5,16,66.83051536093537,Medium
0.4065974971950883,2.7931726411040234,2,2,12,12,77.80437370115624,High
0.48213137804128436,2.6004974948887263,4,4,6,17,88.20976992946136,High
0.9400111851088631,1.8686313167657098,0,2,6,12,46.713239427988384,Medium
0.9243340465375092,2.3204818840232786,1,4,0,16,48.821819298266846,Medium
0.758447861302185,2.585048415434688,1,1,13,4,54.311601393565724,Medium
0.760310116260192,1.721501074199043,4,2,1,10,66.87258460760188,Medium
0.7990220047277533,2.051529881778028,0,4,11,6,63.023820993109595,Medium
0.5052227671740698,2.995563235159347,3,2,8,9,69.33545696144374,Medium
0.9486471675549759,3.3391577855979744,2,2,9,16,48.16253544182122,Medium
0.6512623149352439,3.9958687784823743,0,4,1,14,38.490819617766505,Low
0.6298831169496985,3.8327833283588943,1,4,5,17,53.476842038423115,Medium
0.7113506231697025,3.1064129988379787,4,0,10,18,64.48184508483212,Medium
0.42817958006503304,2.55312013323518,4,2,10,1,80.84161546504689,High
0.49977002125364767,3.0904434117705817,2,3,0,3,52.60476503214828,Medium
0.8428201698558222,3.46412904520058,4,2,2,2,43.64590275376131,Medium
0.4496792007550759,1.7958404773084684,4,2,1,6,76.55442719671228,High
0.7618912656798329,2.5247622242407206,0,4,2,17,51.77672713039948,Medium
0.5472094658087926,3.599505714089043,3,2,4,9,55.616564226757866,Medium
0.633577368425186,2.45958237983261,2,2,10,6,66.06108146466646,Medium
0.57321624206242,2.9296806780679665,0,3,9,7,56.774543536823536,Medium
0.6134036298789695,2.9694234021554955,3,4,5,5,66.76962078328627,Medium
0.8314275431105473,1.9611906328340984,0,2,8,0,47.13099194723712,Medium
0.578273029373905,2.405588604130721,5,1,11,3,79.8131927837366,High
0.7398427841781383,2.3362782218548306,0,0,10,13,48.54350641432616,Medium
0.6856302413194598,1.565491771330162,4,3,14,16,97.91987263392,High
0.7982026992175889,1.560479409728388,3,2,14,19,85.96709793401257,High
0.9620978435948548,3.579242609189434,2,1,9,17,41.72366016431147,Medium
0.8395432583261502,2.182677024932031,2,2,11,10,64.09149941763368,Medium
0.5289642271544541,2.795196915597039,3,2,11,13,76.88946175785145,High
0.4187098810367708,2.2468139339719326,4,4,12,8,98.78346541880984,High
0.5573584265798951,3.8516981127883514,1,4,3,14,51.68868180892068,Medium
0.7570467584201529,2.1482418971644344,0,4,6,11,58.73571069154954,Medium
0.43085548809055024,2.574142031847338,4,1,5,9,73.02436015790461,High
0.6978197483207418,3.6818256262115048,5,2,1,18,58.76895380505528,Medium
0.7581057093501335,3.604833916979522,3,0,9,18,51.12743245619944,Medium
0.6005463344901765,1.9652535446156933,0,3,10,5,65.825611174236,Medium
0.8625473222474931,3.506608274489276,2,4,10,19,60.93202436520751,Medium
0.4639589518802631,2.6454672168447315,1,4,10,5,73.48696975634215,High
0.4450826690414853,2.707422180213388,5,2,14,7,92.62247143620671,High
0.836913253722162,1.8336999310398594,2,2,14,0,67.18647054071492,Medium
0.6972947897237192,1.7015037843928116,3,1,7,16,72.59317056712311,High
0.8130414378566416,3.3198482674344127,0,1,6,16,35.27985981139021,Low
0.6608964031622477,2.7411528808882495,3,4,14,14,85.1526150646276,High
0.5478412199434641,2.592126756537949,0,2,14,6,64.16508363688195,Medium
0.8914613906045199,3.323770571630992,4,0,6,18,49.103838659509286,Medium
0.8796495273813876,3.4137822474777746,1,3,13,2,48.17619642996675,Medium
0.8168178825126561,1.8972704191733838,4,2,14,10,82.35458050775992,High
0.5632870823379776,3.025562873694103,4,2,7,19,75.21288796953986,High
0.7541384001214523,1.8383852056942138,3,1,11,18,75.95061193819977,High
0.6165843381640161,3.3784377150726144,1,3,11,8,59.05224932271321,Medium
0.4549492439959805,3.142387890667849,0,4,12,9,68.8781513334823,Medium
0.9503881452773457,3.891536552708645,0,2,13,1,31.069108661819723,Low
0.48209117855137684,1.672395040891053,5,4,10,0,99.99240244903439,High
0.9701424122924814,1.6426368028781357,2,2,0,15,50.26793547951938,Medium
0.6676034637747734,2.2054676867330003,5,4,14,17,100.0,High
